Loan_ID,Principal,terms,effective_date,due_date,paid_off_time,past_due_days,age,education,Gender,loan_status
xqd20166231,1000,30,9/8/2016,10/7/2016,9/14/2016 19:31,,45,High School or Below,male,PAIDOFF
xqd20168902,1000,30,9/8/2016,10/7/2016,10/7/2016 9:00,,50,Bechalor,female,PAIDOFF
xqd20160003,1000,30,9/8/2016,10/7/2016,9/25/2016 16:58,,33,Bechalor,female,PAIDOFF
xqd20160004,1000,15,9/8/2016,9/22/2016,9/22/2016 20:00,,27,college,male,PAIDOFF
xqd20160005,1000,30,9/9/2016,10/8/2016,9/23/2016 21:36,,28,college,female,PAIDOFF
xqd20160706,300,7,9/9/2016,9/15/2016,9/9/2016 13:45,,35,Master or Above,male,PAIDOFF
xqd20160007,1000,30,9/9/2016,10/8/2016,10/7/2016 23:07,,29,college,male,PAIDOFF
xqd20160008,1000,30,9/9/2016,10/8/2016,10/5/2016 20:33,,36,college,male,PAIDOFF
xqd20160909,1000,30,9/9/2016,10/8/2016,10/8/2016 16:00,,28,college,male,PAIDOFF
xqd20160010,800,15,9/10/2016,9/24/2016,9/24/2016 13:00,,26,college,male,PAIDOFF
xqd20160011,300,7,9/10/2016,9/16/2016,9/11/2016 19:11,,29,college,male,PAIDOFF
xqd20160012,1000,15,9/10/2016,10/9/2016,10/9/2016 16:00,,39,High School or Below,male,PAIDOFF
xqd20160013,1000,30,9/10/2016,10/9/2016,10/7/2016 23:32,,26,college,male,PAIDOFF
xqd20160014,900,7,9/10/2016,9/16/2016,9/13/2016 21:57,,26,college,female,PAIDOFF
xqd20160015,1000,7,9/10/2016,9/16/2016,9/15/2016 14:27,,27,High School or Below,male,PAIDOFF
xqd20160016,800,15,9/10/2016,9/24/2016,9/24/2016 16:00,,26,college,male,PAIDOFF
xqd20160017,1000,30,9/10/2016,10/9/2016,9/27/2016 14:21,,40,High School or Below,male,PAIDOFF
xqd20160018,1000,15,9/10/2016,9/24/2016,9/23/2016 18:49,,32,High School or Below,male,PAIDOFF
xqd20160019,1000,30,9/10/2016,10/9/2016,10/5/2016 22:05,,32,High School or Below,male,PAIDOFF
xqd20160020,800,30,9/10/2016,10/9/2016,9/23/2016 7:42,,26,college,male,PAIDOFF
xqd20160021,1000,30,9/10/2016,10/9/2016,10/9/2016 9:00,,26,college,male,PAIDOFF
xqd20160022,1000,30,9/10/2016,10/9/2016,10/8/2016 17:09,,43,High School or Below,female,PAIDOFF
xqd20160023,1000,30,9/10/2016,10/9/2016,10/9/2016 23:00,,25,High School or Below,male,PAIDOFF
xqd20160024,1000,15,9/10/2016,9/24/2016,9/24/2016 13:00,,26,college,male,PAIDOFF
xqd20160025,1000,30,9/10/2016,10/9/2016,10/3/2016 12:50,,26,college,male,PAIDOFF
xqd20160026,1000,30,9/10/2016,10/9/2016,9/29/2016 12:18,,29,High School or Below,male,PAIDOFF
xqd20160027,800,15,9/10/2016,9/24/2016,9/21/2016 20:16,,39,Bechalor,male,PAIDOFF
xqd20170088,1000,15,9/10/2016,9/24/2016,9/23/2016 8:21,,34,Bechalor,male,PAIDOFF
xqd20160029,1000,30,9/11/2016,10/10/2016,9/22/2016 19:17,,31,college,male,PAIDOFF
xqd20160030,1000,30,9/11/2016,10/10/2016,10/9/2016 17:33,,33,college,male,PAIDOFF
xqd88160031,800,15,9/11/2016,9/25/2016,9/24/2016 14:41,,33,High School or Below,male,PAIDOFF
xqd20160032,1000,30,9/11/2016,10/10/2016,10/7/2016 21:48,,37,college,male,PAIDOFF
xqd20160033,1000,30,9/11/2016,10/10/2016,10/9/2016 17:44,,27,college,male,PAIDOFF
xqd22169034,1000,30,9/11/2016,10/10/2016,10/9/2016 7:24,,37,college,male,PAIDOFF
xqd20160035,800,15,9/11/2016,9/25/2016,9/25/2016 21:49,,33,college,male,PAIDOFF
xqd20160036,800,15,9/11/2016,9/25/2016,9/25/2016 9:00,,29,Bechalor,male,PAIDOFF
xqd20160037,1000,30,9/11/2016,10/10/2016,10/10/2016 16:00,,27,High School or Below,male,PAIDOFF
xqd20160038,700,15,9/11/2016,9/25/2016,9/25/2016 13:00,,33,High School or Below,male,PAIDOFF
xqd20160039,1000,15,9/11/2016,9/25/2016,9/25/2016 9:00,,24,college,male,PAIDOFF
xqd20160040,1000,30,9/11/2016,10/10/2016,10/10/2016 11:33,,21,Bechalor,male,PAIDOFF
xqd20160041,1000,15,9/11/2016,9/25/2016,9/25/2016 9:00,,32,college,female,PAIDOFF
xqd20160042,800,15,9/11/2016,9/25/2016,9/25/2016 14:36,,30,college,male,PAIDOFF
xqd20160043,1000,7,9/11/2016,9/24/2016,9/24/2016 9:00,,31,Bechalor,male,PAIDOFF
xqd20160044,1000,15,9/11/2016,9/25/2016,9/20/2016 15:00,,30,college,male,PAIDOFF
xqd20160045,1000,15,9/11/2016,9/25/2016,9/21/2016 22:29,,24,Bechalor,female,PAIDOFF
xqd20160046,800,7,9/11/2016,9/17/2016,9/12/2016 22:17,,35,High School or Below,male,PAIDOFF
xqd20160047,1000,30,9/11/2016,10/10/2016,10/8/2016 14:14,,22,High School or Below,male,PAIDOFF
xqd20160048,1000,30,9/11/2016,10/10/2016,10/9/2016 8:53,,32,college,male,PAIDOFF
xqd20160049,1000,30,9/11/2016,10/10/2016,10/10/2016 9:00,,32,Bechalor,male,PAIDOFF
xqd20160050,800,15,9/11/2016,9/25/2016,9/25/2016 19:21,,50,High School or Below,male,PAIDOFF
xqd20160051,800,15,9/11/2016,9/25/2016,9/25/2016 13:00,,27,college,female,PAIDOFF
xqd20160052,1000,30,9/11/2016,10/10/2016,10/10/2016 9:00,,35,Bechalor,female,PAIDOFF
xqd20160053,800,15,9/11/2016,9/25/2016,9/13/2016 4:34,,35,Bechalor,female,PAIDOFF
xqd20160054,1000,30,9/11/2016,10/10/2016,10/10/2016 9:00,,34,High School or Below,male,PAIDOFF
xqd20160055,1000,30,9/11/2016,10/10/2016,10/10/2016 16:00,,21,High School or Below,male,PAIDOFF
xqd20160056,1000,15,9/11/2016,9/25/2016,9/25/2016 16:00,,25,college,male,PAIDOFF
xqd20160057,1000,30,9/11/2016,10/10/2016,10/10/2016 9:00,,27,High School or Below,male,PAIDOFF
xqd20160058,1000,30,9/11/2016,10/10/2016,10/7/2016 2:33,,26,Bechalor,male,PAIDOFF
xqd20160059,800,15,9/11/2016,9/25/2016,9/24/2016 11:40,,44,High School or Below,female,PAIDOFF
xqd20160060,800,15,9/11/2016,9/25/2016,9/22/2016 6:38,,39,Master or Above,male,PAIDOFF
xqd20160061,1000,30,9/11/2016,10/10/2016,9/30/2016 21:12,,34,Bechalor,male,PAIDOFF
xqd20160062,1000,15,9/11/2016,9/25/2016,9/24/2016 13:42,,37,college,male,PAIDOFF
xqd20160063,1000,30,9/11/2016,10/10/2016,10/8/2016 7:25,,34,High School or Below,male,PAIDOFF
xqd20160064,1000,30,9/11/2016,10/10/2016,9/12/2016 11:40,,45,college,male,PAIDOFF
xqd20160065,800,15,9/11/2016,9/25/2016,9/25/2016 14:38,,24,High School or Below,male,PAIDOFF
xqd20160066,900,15,9/11/2016,9/25/2016,9/25/2016 23:00,,28,college,male,PAIDOFF
xqd20160067,1000,30,9/11/2016,10/10/2016,10/8/2016 12:04,,28,Bechalor,male,PAIDOFF
xqd20160068,1000,30,9/11/2016,10/10/2016,10/10/2016 9:00,,37,High School or Below,male,PAIDOFF
xqd20160069,300,7,9/11/2016,9/17/2016,9/14/2016 22:05,,35,college,male,PAIDOFF
xqd20160070,1000,30,9/11/2016,10/10/2016,9/24/2016 13:27,,43,Bechalor,male,PAIDOFF
xqd20160071,800,15,9/11/2016,9/25/2016,9/22/2016 21:18,,29,college,male,PAIDOFF
xqd20160072,800,15,9/11/2016,9/25/2016,9/24/2016 22:53,,29,High School or Below,male,PAIDOFF
xqd20160073,1000,30,9/11/2016,10/10/2016,10/10/2016 16:00,,33,Bechalor,female,PAIDOFF
xqd20160074,1000,15,9/11/2016,9/25/2016,9/25/2016 9:00,,34,college,male,PAIDOFF
xqd20160075,1000,15,9/11/2016,9/25/2016,9/25/2016 9:00,,25,college,male,PAIDOFF
xqd20160076,1000,30,9/11/2016,10/10/2016,10/8/2016 13:12,,30,High School or Below,male,PAIDOFF
xqd20160077,1000,30,9/11/2016,10/10/2016,10/9/2016 13:49,,31,Bechalor,male,PAIDOFF
xqd20160078,1000,30,9/11/2016,10/10/2016,10/10/2016 9:00,,35,college,male,PAIDOFF
xqd20160079,1000,30,9/11/2016,10/10/2016,9/30/2016 14:29,,37,college,female,PAIDOFF
xqd20160080,1000,30,9/11/2016,10/10/2016,10/10/2016 9:00,,44,High School or Below,female,PAIDOFF
xqd20160081,1000,30,9/11/2016,10/10/2016,9/21/2016 16:18,,28,High School or Below,male,PAIDOFF
xqd20160082,1000,7,9/11/2016,9/17/2016,9/13/2016 14:53,,25,college,male,PAIDOFF
xqd20160083,1000,15,9/11/2016,9/25/2016,9/25/2016 9:00,,29,college,male,PAIDOFF
xqd20160084,800,15,9/11/2016,9/25/2016,9/25/2016 13:00,,33,college,male,PAIDOFF
xqd20160085,1000,30,9/11/2016,10/10/2016,10/10/2016 13:00,,37,High School or Below,female,PAIDOFF
xqd20160086,1000,30,9/11/2016,11/9/2016,11/9/2016 9:00,,33,college,male,PAIDOFF
xqd20160087,1000,30,9/11/2016,10/10/2016,10/10/2016 9:00,,24,High School or Below,female,PAIDOFF
xqd20160088,1000,30,9/11/2016,10/10/2016,9/17/2016 13:01,,27,college,female,PAIDOFF
xqd20160089,800,15,9/11/2016,9/25/2016,9/21/2016 9:35,,43,Bechalor,male,PAIDOFF
xqd90160090,800,15,9/11/2016,9/25/2016,9/24/2016 20:33,,46,High School or Below,female,PAIDOFF
xqd91160291,800,15,9/11/2016,9/25/2016,9/25/2016 9:00,,34,college,female,PAIDOFF
xqd90160092,1000,7,9/11/2016,9/17/2016,9/17/2016 9:00,,32,Bechalor,female,PAIDOFF
xqd90163093,800,15,9/11/2016,9/25/2016,9/24/2016 0:12,,38,High School or Below,male,PAIDOFF
xqd20160094,800,15,9/11/2016,9/25/2016,9/21/2016 12:43,,27,High School or Below,male,PAIDOFF
xqd20167095,1000,30,9/11/2016,10/10/2016,10/10/2016 13:00,,33,High School or Below,male,PAIDOFF
xqd20160096,1000,30,9/11/2016,10/10/2016,10/8/2016 20:49,,36,college,male,PAIDOFF
xqd20160097,1000,15,9/11/2016,9/25/2016,9/20/2016 5:38,,26,High School or Below,male,PAIDOFF
xqd20160098,1000,30,9/11/2016,10/10/2016,10/10/2016 9:01,,34,college,male,PAIDOFF
xqd20160099,1000,30,9/11/2016,10/10/2016,10/10/2016 9:01,,22,High School or Below,male,PAIDOFF
xqd20160100,1000,30,9/11/2016,10/10/2016,10/8/2016 16:55,,31,Bechalor,female,PAIDOFF
xqd20160101,1000,7,9/11/2016,9/17/2016,9/17/2016 9:00,,29,High School or Below,male,PAIDOFF
xqd20160102,800,15,9/11/2016,9/25/2016,9/25/2016 9:00,,38,college,male,PAIDOFF
xqd20160103,1000,30,9/11/2016,10/10/2016,10/10/2016 16:00,,30,college,male,PAIDOFF
xqd20160104,1000,15,9/11/2016,9/25/2016,9/25/2016 23:48,,45,High School or Below,male,PAIDOFF
xqd20160105,1000,15,9/11/2016,9/25/2016,9/22/2016 13:15,,35,college,male,PAIDOFF
xqd20160106,1000,30,9/11/2016,10/10/2016,9/23/2016 13:31,,30,college,male,PAIDOFF
xqd20160107,1000,30,9/11/2016,10/10/2016,10/8/2016 17:19,,31,High School or Below,male,PAIDOFF
xqd20160108,1000,30,9/11/2016,10/10/2016,10/10/2016 9:01,,31,High School or Below,male,PAIDOFF
xqd20160109,1000,30,9/11/2016,10/10/2016,10/9/2016 13:05,,28,college,male,PAIDOFF
xqd20160110,1000,7,9/11/2016,9/24/2016,9/24/2016 13:00,,29,college,male,PAIDOFF
xqd20160111,800,15,9/11/2016,9/25/2016,9/20/2016 20:47,,29,college,male,PAIDOFF
xqd20160112,1000,30,9/11/2016,11/9/2016,11/9/2016 9:00,,27,college,female,PAIDOFF
xqd20160113,1000,30,9/11/2016,10/10/2016,10/10/2016 9:01,,27,college,male,PAIDOFF
xqd20160114,1000,30,9/11/2016,10/10/2016,10/10/2016 13:01,,33,college,male,PAIDOFF
xqd20160115,1000,30,9/11/2016,10/10/2016,10/8/2016 21:39,,28,college,male,PAIDOFF
xqd20160116,1000,15,9/11/2016,9/25/2016,9/25/2016 23:00,,25,High School or Below,male,PAIDOFF
xqd20160117,1000,30,9/11/2016,10/10/2016,10/7/2016 14:23,,40,college,male,PAIDOFF
xqd20160118,1000,30,9/11/2016,10/10/2016,10/6/2016 15:25,,23,High School or Below,male,PAIDOFF
xqd20160119,1000,30,9/11/2016,10/10/2016,10/8/2016 6:56,,35,Bechalor,male,PAIDOFF
xqd20160120,800,15,9/11/2016,9/25/2016,9/16/2016 11:58,,24,college,male,PAIDOFF
xqd20160121,1000,30,9/11/2016,10/10/2016,10/10/2016 16:01,,34,college,male,PAIDOFF
xqd20160122,1000,30,9/11/2016,10/10/2016,9/27/2016 7:02,,22,High School or Below,male,PAIDOFF
xqd20160123,1000,15,9/11/2016,10/25/2016,10/25/2016 9:00,,20,college,male,PAIDOFF
xqd20160124,1000,15,9/11/2016,9/25/2016,9/24/2016 11:02,,23,college,male,PAIDOFF
xqd20160125,1000,30,9/11/2016,10/10/2016,9/29/2016 18:57,,33,college,male,PAIDOFF
xqd20160126,1000,30,9/11/2016,10/10/2016,10/10/2016 13:01,,26,college,male,PAIDOFF
xqd20160127,1000,15,9/11/2016,9/25/2016,9/25/2016 9:00,,28,High School or Below,male,PAIDOFF
xqd20160128,800,15,9/11/2016,9/25/2016,9/25/2016 12:24,,43,High School or Below,male,PAIDOFF
xqd78160129,1000,15,9/11/2016,9/25/2016,9/25/2016 13:00,,34,Bechalor,male,PAIDOFF
xqd20160130,1000,30,9/11/2016,10/10/2016,9/26/2016 4:41,,38,Bechalor,male,PAIDOFF
xqd20160131,1000,15,9/11/2016,9/25/2016,9/22/2016 15:44,,26,High School or Below,male,PAIDOFF
xqd20160132,800,15,9/11/2016,9/25/2016,9/25/2016 16:00,,43,High School or Below,male,PAIDOFF
xqd20160133,1000,30,9/11/2016,10/10/2016,10/10/2016 16:13,,26,High School or Below,male,PAIDOFF
xqd20160134,1000,30,9/11/2016,10/10/2016,9/30/2016 7:12,,33,college,female,PAIDOFF
xqd20160135,800,15,9/11/2016,9/25/2016,9/23/2016 11:26,,24,college,male,PAIDOFF
xqd20160136,1000,30,9/11/2016,10/10/2016,9/12/2016 10:26,,30,High School or Below,male,PAIDOFF
xqd20160137,800,15,9/11/2016,9/25/2016,9/25/2016 13:00,,32,High School or Below,female,PAIDOFF
xqd20160138,1000,15,9/11/2016,10/25/2016,10/25/2016 9:00,,22,college,male,PAIDOFF
xqd20160139,1000,15,9/11/2016,9/25/2016,9/22/2016 21:45,,47,High School or Below,male,PAIDOFF
xqd56160140,1000,30,9/11/2016,10/10/2016,10/9/2016 20:28,,20,High School or Below,male,PAIDOFF
xqd20160141,1000,30,9/11/2016,10/10/2016,10/1/2016 16:48,,28,High School or Below,male,PAIDOFF
xqd20160142,800,15,9/11/2016,9/25/2016,9/25/2016 9:01,,35,college,male,PAIDOFF
xqd20160143,1000,7,9/11/2016,9/17/2016,9/15/2016 20:36,,27,High School or Below,male,PAIDOFF
xqd20160144,800,15,9/11/2016,9/25/2016,9/21/2016 15:33,,33,college,female,PAIDOFF
xqd20160145,1000,30,9/11/2016,10/10/2016,9/29/2016 13:36,,30,High School or Below,male,PAIDOFF
xqd20160146,1000,15,9/11/2016,9/25/2016,9/22/2016 20:51,,31,college,male,PAIDOFF
xqd20160147,1000,30,9/11/2016,11/9/2016,11/9/2016 23:00,,26,college,female,PAIDOFF
xqd20160148,300,7,9/12/2016,9/18/2016,9/18/2016 9:00,,37,Master or Above,male,PAIDOFF
xqd20160149,1000,15,9/12/2016,9/26/2016,9/26/2016 9:00,,26,Bechalor,male,PAIDOFF
xqd20160150,800,15,9/12/2016,9/26/2016,9/24/2016 10:14,,35,Bechalor,male,PAIDOFF
xqd20160151,1000,15,9/12/2016,10/26/2016,10/26/2016 9:00,,29,college,male,PAIDOFF
xqd34160152,800,15,9/12/2016,9/26/2016,9/23/2016 20:30,,23,college,male,PAIDOFF
xqd20160153,500,15,9/12/2016,9/26/2016,9/13/2016 20:17,,23,college,female,PAIDOFF
xqd20160154,1000,15,9/12/2016,9/26/2016,9/26/2016 9:00,,30,college,male,PAIDOFF
xqd20160155,1000,30,9/12/2016,10/11/2016,10/10/2016 7:01,,34,college,male,PAIDOFF
xqd20160156,1000,30,9/12/2016,10/11/2016,10/11/2016 13:00,,36,High School or Below,female,PAIDOFF
xqd20160157,1000,15,9/12/2016,9/26/2016,9/26/2016 9:00,,26,Bechalor,male,PAIDOFF
xqd20160158,800,15,9/12/2016,9/26/2016,9/24/2016 14:55,,29,High School or Below,male,PAIDOFF
xqd12160159,1000,15,9/12/2016,9/26/2016,9/26/2016 9:00,,28,college,female,PAIDOFF
xqd20160160,1000,30,9/12/2016,10/11/2016,9/25/2016 20:56,,27,High School or Below,male,PAIDOFF
xqd20160161,1000,15,9/12/2016,9/26/2016,9/22/2016 10:49,,24,High School or Below,male,PAIDOFF
xqd20160162,800,15,9/12/2016,9/26/2016,9/25/2016 22:09,,31,Bechalor,male,PAIDOFF
xqd20160163,1000,30,9/12/2016,10/11/2016,10/11/2016 9:00,,28,High School or Below,male,PAIDOFF
xqd28160164,1000,15,9/12/2016,9/26/2016,9/26/2016 9:00,,27,college,female,PAIDOFF
xqd20160165,1000,15,9/12/2016,9/26/2016,9/26/2016 19:33,,25,High School or Below,male,PAIDOFF
xqd20160166,1000,30,9/12/2016,11/10/2016,11/10/2016 16:00,,24,High School or Below,male,PAIDOFF
xqd20160167,1000,30,9/12/2016,10/11/2016,10/11/2016 16:00,,28,college,male,PAIDOFF
xqd20160168,800,30,9/12/2016,10/11/2016,10/11/2016 16:00,,28,college,male,PAIDOFF
xqd20160169,1000,15,9/12/2016,9/26/2016,9/26/2016 13:00,,35,High School or Below,male,PAIDOFF
xqd27160170,1000,30,9/12/2016,10/11/2016,10/11/2016 13:00,,38,college,male,PAIDOFF
xqd20160171,1000,15,9/12/2016,9/26/2016,9/26/2016 16:00,,38,High School or Below,male,PAIDOFF
xqd20160172,1000,30,9/12/2016,10/11/2016,10/11/2016 16:00,,29,college,male,PAIDOFF
xqd20160173,800,15,9/12/2016,9/26/2016,9/26/2016 13:00,,35,High School or Below,male,PAIDOFF
xqd20160174,1000,30,9/12/2016,10/11/2016,9/17/2016 7:39,,24,college,male,PAIDOFF
xqd20160175,800,15,9/12/2016,9/26/2016,9/22/2016 10:30,,39,High School or Below,male,PAIDOFF
xqd20160176,800,15,9/12/2016,9/26/2016,9/26/2016 13:00,,25,college,male,PAIDOFF
xqd20160177,1000,30,9/12/2016,10/11/2016,10/11/2016 16:00,,38,High School or Below,male,PAIDOFF
xqd20160178,1000,30,9/12/2016,10/11/2016,10/10/2016 20:41,,30,college,male,PAIDOFF
xqd20160179,1000,30,9/12/2016,10/11/2016,10/11/2016 9:00,,21,High School or Below,male,PAIDOFF
xqd20160180,1000,30,9/12/2016,10/11/2016,10/10/2016 8:04,,46,college,male,PAIDOFF
xqd20160181,1000,15,9/12/2016,9/26/2016,9/24/2016 11:00,,31,High School or Below,female,PAIDOFF
xqd20160182,300,7,9/12/2016,9/18/2016,9/17/2016 9:25,,29,High School or Below,male,PAIDOFF
xqd20160183,1000,30,9/12/2016,10/11/2016,10/7/2016 11:53,,35,High School or Below,male,PAIDOFF
xqd20160184,800,15,9/12/2016,9/26/2016,9/25/2016 8:39,,30,High School or Below,male,PAIDOFF
xqd20160185,1000,30,9/12/2016,10/11/2016,10/11/2016 9:00,,27,High School or Below,male,PAIDOFF
xqd20160186,1000,30,9/12/2016,10/11/2016,10/10/2016 20:28,,31,High School or Below,female,PAIDOFF
xqd20160187,1000,30,9/12/2016,10/11/2016,10/1/2016 10:18,,33,Bechalor,male,PAIDOFF
xqd20160188,1000,15,9/12/2016,9/26/2016,9/26/2016 16:00,,34,High School or Below,male,PAIDOFF
xqd20160189,800,15,9/12/2016,9/26/2016,9/19/2016 21:07,,28,college,male,PAIDOFF
xqd20160190,800,15,9/12/2016,9/26/2016,9/26/2016 9:00,,42,college,male,PAIDOFF
xqd20160191,1000,30,9/12/2016,10/11/2016,9/30/2016 14:38,,32,college,male,PAIDOFF
xqd20160192,1000,30,9/12/2016,10/11/2016,10/11/2016 13:00,,30,High School or Below,male,PAIDOFF
xqd20160193,1000,15,9/12/2016,9/26/2016,9/14/2016 20:31,,25,High School or Below,female,PAIDOFF
xqd20160194,1000,30,9/12/2016,10/11/2016,10/11/2016 9:00,,27,High School or Below,female,PAIDOFF
xqd20160195,800,15,9/12/2016,9/26/2016,9/24/2016 16:15,,21,college,male,PAIDOFF
xqd20160196,1000,30,9/12/2016,10/11/2016,10/10/2016 15:49,,24,college,male,PAIDOFF
xqd20160197,1000,30,9/12/2016,11/10/2016,11/10/2016 13:00,,29,college,male,PAIDOFF
xqd20160198,1000,15,9/12/2016,9/26/2016,9/23/2016 10:32,,40,college,male,PAIDOFF
xqd20160199,1000,30,9/12/2016,10/11/2016,9/30/2016 14:03,,29,High School or Below,male,PAIDOFF
xqd20160200,1000,30,9/12/2016,10/11/2016,10/9/2016 14:17,,29,college,male,PAIDOFF
xqd20160201,1000,15,9/12/2016,9/26/2016,9/20/2016 8:26,,30,college,male,PAIDOFF
xqd20160202,1000,30,9/12/2016,10/11/2016,10/11/2016 23:00,,26,High School or Below,female,PAIDOFF
xqd20160203,1000,15,9/12/2016,9/26/2016,9/24/2016 20:47,,36,High School or Below,male,PAIDOFF
xqd20160204,800,15,9/12/2016,9/26/2016,9/26/2016 16:00,,27,college,male,PAIDOFF
xqd20160205,1000,30,9/12/2016,10/11/2016,10/11/2016 9:01,,20,college,male,PAIDOFF
xqd20160206,1000,7,9/12/2016,9/18/2016,9/16/2016 14:52,,26,Bechalor,female,PAIDOFF
xqd20160207,1000,30,9/12/2016,11/10/2016,11/10/2016 13:00,,26,college,male,PAIDOFF
xqd20160208,1000,30,9/12/2016,10/11/2016,10/9/2016 10:00,,27,college,male,PAIDOFF
xqd20160209,300,7,9/12/2016,9/18/2016,9/12/2016 14:40,,23,High School or Below,male,PAIDOFF
xqd20160210,1000,30,9/12/2016,10/11/2016,10/11/2016 16:00,,39,High School or Below,male,PAIDOFF
xqd20160211,1000,15,9/12/2016,9/26/2016,9/23/2016 21:58,,27,High School or Below,male,PAIDOFF
xqd20160212,1000,30,9/12/2016,10/11/2016,10/8/2016 18:48,,30,High School or Below,male,PAIDOFF
xqd20160213,1000,30,9/12/2016,10/11/2016,10/10/2016 16:41,,33,High School or Below,female,PAIDOFF
xqd20160214,1000,30,9/12/2016,10/11/2016,10/11/2016 13:01,,27,High School or Below,male,PAIDOFF
xqd20160215,1000,30,9/12/2016,10/11/2016,9/16/2016 2:34,,35,High School or Below,male,PAIDOFF
xqd20160216,1000,30,9/12/2016,11/10/2016,11/10/2016 16:00,,29,college,female,PAIDOFF
xqd20160217,1000,15,9/12/2016,9/26/2016,9/21/2016 8:11,,50,High School or Below,male,PAIDOFF
xqd20160218,800,15,9/12/2016,9/26/2016,9/26/2016 9:00,,31,High School or Below,female,PAIDOFF
xqd20160219,1000,15,9/12/2016,9/26/2016,9/26/2016 13:00,,31,High School or Below,male,PAIDOFF
xqd20160220,1000,30,9/12/2016,10/11/2016,10/11/2016 13:01,,29,High School or Below,male,PAIDOFF
xqd20160221,1000,15,9/12/2016,9/26/2016,9/26/2016 23:00,,35,college,male,PAIDOFF
xqd20160222,1000,30,9/12/2016,10/11/2016,10/11/2016 9:01,,39,college,male,PAIDOFF
xqd20160223,1000,30,9/12/2016,11/10/2016,11/10/2016 13:00,,29,college,male,PAIDOFF
xqd20160224,1000,15,9/12/2016,9/26/2016,9/26/2016 23:00,,30,High School or Below,male,PAIDOFF
xqd20160225,1000,30,9/12/2016,10/11/2016,10/9/2016 10:00,,33,Bechalor,male,PAIDOFF
xqd20160226,1000,30,9/12/2016,10/11/2016,10/11/2016 13:01,,26,High School or Below,male,PAIDOFF
xqd20160227,1000,15,9/12/2016,9/26/2016,9/23/2016 14:01,,25,High School or Below,male,PAIDOFF
xqd20160228,800,15,9/12/2016,9/26/2016,9/25/2016 13:29,,37,Bechalor,male,PAIDOFF
xqd20160229,800,15,9/12/2016,9/26/2016,9/25/2016 14:50,,26,High School or Below,male,PAIDOFF
xqd20160230,800,15,9/12/2016,9/26/2016,9/26/2016 9:00,,26,college,male,PAIDOFF
xqd20160231,1000,15,9/12/2016,10/26/2016,10/26/2016 9:00,,27,college,male,PAIDOFF
xqd20160232,1000,7,9/12/2016,9/25/2016,9/25/2016 9:01,,34,college,female,PAIDOFF
xqd20160233,1000,30,9/12/2016,10/11/2016,10/8/2016 15:35,,37,college,male,PAIDOFF
xqd20160234,1000,30,9/12/2016,10/11/2016,10/11/2016 16:01,,36,High School or Below,male,PAIDOFF
xqd20160235,800,15,9/12/2016,9/26/2016,9/26/2016 19:35,,33,High School or Below,male,PAIDOFF
xqd20160236,1000,30,9/12/2016,10/11/2016,10/9/2016 21:28,,30,High School or Below,male,PAIDOFF
xqd20160237,1000,30,9/12/2016,10/11/2016,10/7/2016 16:45,,30,college,male,PAIDOFF
xqd20160238,800,15,9/12/2016,9/26/2016,9/24/2016 12:13,,36,High School or Below,male,PAIDOFF
xqd20160239,1000,15,9/12/2016,10/11/2016,10/11/2016 9:01,,29,college,male,PAIDOFF
xqd20160240,1000,15,9/12/2016,9/26/2016,9/14/2016 23:02,,36,High School or Below,male,PAIDOFF
xqd20160241,1000,30,9/12/2016,10/11/2016,10/8/2016 11:03,,32,High School or Below,male,PAIDOFF
xqd20160242,1000,15,9/12/2016,9/26/2016,9/26/2016 9:00,,29,High School or Below,female,PAIDOFF
xqd20160243,800,15,9/12/2016,9/26/2016,9/26/2016 23:00,,36,Bechalor,male,PAIDOFF
xqd20160244,800,15,9/12/2016,9/26/2016,9/25/2016 19:31,,30,High School or Below,female,PAIDOFF
xqd20160245,1000,7,9/13/2016,9/19/2016,9/14/2016 19:48,,31,college,male,PAIDOFF
xqd20160246,1000,30,9/13/2016,10/12/2016,10/12/2016 23:00,,19,High School or Below,female,PAIDOFF
xqd20160247,800,15,9/13/2016,9/27/2016,9/25/2016 12:48,,26,college,male,PAIDOFF
xqd20160248,800,15,9/13/2016,9/27/2016,9/26/2016 21:18,,34,High School or Below,male,PAIDOFF
xqd20160249,1000,30,9/13/2016,10/12/2016,10/7/2016 10:22,,35,High School or Below,male,PAIDOFF
xqd20160250,1000,15,9/13/2016,9/27/2016,9/26/2016 6:17,,35,Bechalor,female,PAIDOFF
xqd20160251,800,15,9/13/2016,9/27/2016,9/22/2016 16:57,,38,college,male,PAIDOFF
xqd20160252,1000,30,9/13/2016,10/12/2016,10/9/2016 21:57,,29,college,male,PAIDOFF
xqd20160253,1000,30,9/13/2016,10/12/2016,10/4/2016 12:59,,28,High School or Below,male,PAIDOFF
xqd20160254,500,7,9/13/2016,9/19/2016,9/17/2016 20:51,,22,High School or Below,male,PAIDOFF
xqd20160255,1000,30,9/13/2016,10/12/2016,10/12/2016 23:00,,32,college,male,PAIDOFF
xqd20160256,1000,30,9/13/2016,10/12/2016,10/8/2016 15:51,,31,college,male,PAIDOFF
xqd20160257,800,15,9/13/2016,9/27/2016,9/27/2016 9:00,,28,college,male,PAIDOFF
xqd20160258,1000,15,9/13/2016,9/27/2016,9/27/2016 9:00,,37,college,female,PAIDOFF
xqd20160259,1000,7,9/13/2016,9/19/2016,9/16/2016 15:57,,25,college,male,PAIDOFF
xqd20160260,1000,30,9/13/2016,10/12/2016,10/12/2016 9:00,,19,High School or Below,male,PAIDOFF
xqd20160261,800,15,9/13/2016,9/27/2016,9/26/2016 7:48,,51,college,male,PAIDOFF
xqd20160262,1000,15,9/13/2016,9/27/2016,9/21/2016 16:53,,29,High School or Below,male,PAIDOFF
xqd20160263,800,30,9/13/2016,10/12/2016,10/11/2016 0:29,,23,college,female,PAIDOFF
xqd20160264,1000,15,9/13/2016,9/27/2016,9/25/2016 10:37,,30,High School or Below,male,PAIDOFF
xqd20160265,800,15,9/13/2016,9/27/2016,9/27/2016 13:00,,23,college,male,PAIDOFF
xqd20160266,1000,15,9/13/2016,9/27/2016,9/26/2016 15:10,,34,Bechalor,female,PAIDOFF
xqd20160267,800,15,9/13/2016,9/27/2016,9/24/2016 12:46,,31,Bechalor,female,PAIDOFF
xqd20160268,1000,15,9/14/2016,9/28/2016,9/28/2016 9:00,,24,High School or Below,male,PAIDOFF
xqd20160269,1000,30,9/14/2016,10/13/2016,10/13/2016 9:00,,42,High School or Below,male,PAIDOFF
xqd20160270,800,30,9/14/2016,10/13/2016,10/6/2016 12:09,,40,college,female,PAIDOFF
xqd20160271,1000,30,9/14/2016,10/13/2016,10/14/2016 11:03,,29,High School or Below,male,PAIDOFF
xqd20160272,1000,30,9/14/2016,10/13/2016,10/8/2016 17:12,,32,college,female,PAIDOFF
xqd20160273,1000,30,9/14/2016,11/12/2016,11/12/2016 9:00,,28,college,male,PAIDOFF
xqd20160274,1000,30,9/14/2016,10/13/2016,10/13/2016 9:00,,35,High School or Below,male,PAIDOFF
xqd20160275,1000,30,9/14/2016,10/13/2016,10/13/2016 13:00,,30,Bechalor,male,PAIDOFF
xqd20160276,800,15,9/14/2016,9/28/2016,9/27/2016 15:52,,44,college,male,PAIDOFF
xqd20160277,800,15,9/14/2016,9/28/2016,9/28/2016 13:00,,37,High School or Below,male,PAIDOFF
xqd20160278,1000,30,9/14/2016,10/13/2016,10/13/2016 9:00,,31,college,male,PAIDOFF
xqd20160279,800,15,9/14/2016,9/28/2016,9/15/2016 0:43,,36,college,male,PAIDOFF
xqd20160280,800,30,9/14/2016,10/13/2016,10/10/2016 10:25,,31,college,male,PAIDOFF
xqd20160281,800,15,9/14/2016,9/28/2016,9/27/2016 20:41,,42,High School or Below,male,PAIDOFF
xqd20160282,1000,15,9/14/2016,9/28/2016,9/28/2016 9:00,,28,Bechalor,male,PAIDOFF
xqd20160283,1000,30,9/14/2016,10/13/2016,10/6/2016 6:51,,30,college,male,PAIDOFF
xqd20160284,1000,30,9/14/2016,10/13/2016,10/12/2016 6:25,,30,High School or Below,male,PAIDOFF
xqd20160285,1000,15,9/14/2016,9/28/2016,9/27/2016 22:50,,24,Bechalor,male,PAIDOFF
xqd20160286,1000,30,9/14/2016,11/12/2016,11/12/2016 9:00,,34,Bechalor,male,PAIDOFF
xqd20160287,1000,30,9/14/2016,10/13/2016,10/12/2016 12:30,,29,college,male,PAIDOFF
xqd20160288,1000,30,9/14/2016,10/13/2016,10/12/2016 3:49,,38,High School or Below,female,PAIDOFF
xqd20160289,1000,30,9/14/2016,10/13/2016,10/13/2016 13:00,,34,Bechalor,male,PAIDOFF
xqd20160290,800,15,9/14/2016,9/28/2016,9/27/2016 7:48,,28,High School or Below,male,PAIDOFF
xqd20160291,1000,15,9/14/2016,9/28/2016,9/22/2016 9:28,,30,college,female,PAIDOFF
xqd20160292,1000,30,9/14/2016,10/13/2016,10/11/2016 16:33,,41,High School or Below,male,PAIDOFF
xqd20160293,1000,30,9/14/2016,10/13/2016,9/18/2016 16:56,,29,college,male,PAIDOFF
xqd20160294,1000,30,9/14/2016,10/13/2016,10/13/2016 9:00,,37,High School or Below,male,PAIDOFF
xqd20160295,1000,30,9/14/2016,10/13/2016,10/13/2016 13:00,,36,Bechalor,male,PAIDOFF
xqd20160296,1000,30,9/14/2016,10/13/2016,10/13/2016 13:00,,30,college,female,PAIDOFF
xqd20160297,800,15,9/14/2016,9/28/2016,9/21/2016 4:42,,27,college,male,PAIDOFF
xqd20160298,1000,30,9/14/2016,10/13/2016,10/13/2016 9:00,,29,High School or Below,male,PAIDOFF
xqd20160299,1000,30,9/14/2016,10/13/2016,10/13/2016 9:00,,40,High School or Below,male,PAIDOFF
xqd20160300,1000,30,9/14/2016,10/13/2016,10/13/2016 11:00,,28,college,male,PAIDOFF
xqd20160301,1000,15,9/9/2016,9/23/2016,,76,29,college,male,COLLECTION
xqd20160302,1000,30,9/9/2016,10/8/2016,,61,37,High School or Below,male,COLLECTION
xqd20160303,1000,30,9/9/2016,10/8/2016,,61,33,High School or Below,male,COLLECTION
xqd20160304,800,15,9/9/2016,9/23/2016,,76,27,college,male,COLLECTION
xqd20160305,800,15,9/9/2016,9/23/2016,,76,24,Bechalor,male,COLLECTION
xqd20160306,1000,15,9/10/2016,9/24/2016,,75,31,High School or Below,female,COLLECTION
xqd20160307,800,15,9/10/2016,10/9/2016,,60,28,college,male,COLLECTION
xqd20160308,1000,30,9/10/2016,10/9/2016,,60,40,High School or Below,male,COLLECTION
xqd20160309,1000,30,9/10/2016,10/9/2016,,60,33,college,male,COLLECTION
xqd20160310,800,15,9/10/2016,9/24/2016,,75,41,college,male,COLLECTION
xqd20160311,1000,30,9/10/2016,10/9/2016,,60,30,college,male,COLLECTION
xqd20160312,800,15,9/10/2016,9/24/2016,,75,26,High School or Below,female,COLLECTION
xqd20160313,1000,30,9/10/2016,10/9/2016,,60,27,High School or Below,male,COLLECTION
xqd20160314,1000,30,9/10/2016,10/9/2016,,60,20,High School or Below,male,COLLECTION
xqd20160315,1000,30,9/10/2016,10/9/2016,,60,24,college,male,COLLECTION
xqd20160316,1000,15,9/10/2016,10/9/2016,,60,26,High School or Below,male,COLLECTION
xqd20160317,1000,30,9/10/2016,10/9/2016,,60,30,High School or Below,male,COLLECTION
xqd20160318,1000,15,9/10/2016,9/24/2016,,75,29,High School or Below,male,COLLECTION
xqd20160319,1000,30,9/10/2016,10/9/2016,,60,22,Bechalor,male,COLLECTION
xqd20160320,1000,15,9/10/2016,9/24/2016,,75,24,Bechalor,male,COLLECTION
xqd20160321,1000,30,9/10/2016,10/9/2016,,60,25,college,male,COLLECTION
xqd20160322,1000,30,9/10/2016,10/9/2016,,60,28,High School or Below,male,COLLECTION
xqd20160323,1000,30,9/10/2016,10/9/2016,,60,37,college,male,COLLECTION
xqd20160324,800,15,9/10/2016,9/24/2016,,75,32,college,male,COLLECTION
xqd20160325,1000,15,9/10/2016,9/24/2016,,75,34,college,male,COLLECTION
xqd20160326,1000,30,9/11/2016,10/10/2016,,59,28,Bechalor,male,COLLECTION
xqd20160327,800,15,9/11/2016,9/25/2016,,74,35,Bechalor,male,COLLECTION
xqd20160328,1000,30,9/11/2016,11/9/2016,,29,27,college,male,COLLECTION
xqd20160329,1000,30,9/11/2016,10/10/2016,,59,24,High School or Below,female,COLLECTION
xqd20160330,1000,30,9/11/2016,10/10/2016,,59,44,Bechalor,male,COLLECTION
xqd20160331,1000,15,9/11/2016,10/25/2016,,44,31,college,male,COLLECTION
xqd20160332,800,15,9/11/2016,9/25/2016,,74,27,college,male,COLLECTION
xqd20160333,1000,30,9/11/2016,10/10/2016,,59,21,High School or Below,male,COLLECTION
xqd20160334,1000,30,9/11/2016,10/10/2016,,59,30,High School or Below,female,COLLECTION
xqd20160335,1000,30,9/11/2016,10/10/2016,,59,38,college,female,COLLECTION
xqd20160336,1000,30,9/11/2016,10/10/2016,,59,34,High School or Below,male,COLLECTION
xqd20160337,1000,30,9/11/2016,10/10/2016,,59,31,college,male,COLLECTION
xqd20160338,1000,30,9/11/2016,10/10/2016,,59,23,High School or Below,male,COLLECTION
xqd20160339,1000,15,9/11/2016,9/25/2016,,74,27,college,female,COLLECTION
xqd20160340,1000,15,9/11/2016,9/25/2016,,74,39,High School or Below,male,COLLECTION
xqd20160341,1000,30,9/11/2016,10/10/2016,,59,30,High School or Below,female,COLLECTION
xqd20160342,1000,30,9/11/2016,10/10/2016,,59,25,college,male,COLLECTION
xqd20160343,1000,15,9/11/2016,9/25/2016,,74,50,Master or Above,male,COLLECTION
xqd20160344,1000,30,9/11/2016,10/10/2016,,59,23,High School or Below,male,COLLECTION
xqd20160345,800,15,9/11/2016,9/25/2016,,74,38,Bechalor,male,COLLECTION
xqd20160346,1000,30,9/11/2016,10/10/2016,,59,27,High School or Below,male,COLLECTION
xqd20160347,1000,30,9/11/2016,11/9/2016,,29,31,High School or Below,male,COLLECTION
xqd20160348,800,15,9/11/2016,9/25/2016,,74,40,college,male,COLLECTION
xqd20160349,1000,30,9/11/2016,10/10/2016,,59,32,High School or Below,male,COLLECTION
xqd20160350,800,15,9/11/2016,9/25/2016,,74,29,college,male,COLLECTION
xqd20160351,1000,30,9/11/2016,10/10/2016,,59,26,High School or Below,male,COLLECTION
xqd20160352,1000,15,9/11/2016,9/25/2016,,74,25,college,male,COLLECTION
xqd20160353,1000,30,9/11/2016,10/10/2016,,59,35,High School or Below,male,COLLECTION
xqd20160354,1000,30,9/11/2016,10/10/2016,,59,41,High School or Below,male,COLLECTION
xqd20160355,1000,30,9/11/2016,10/10/2016,,59,37,High School or Below,male,COLLECTION
xqd20160356,1000,15,9/11/2016,10/10/2016,,59,34,college,male,COLLECTION
xqd20160357,1000,30,9/11/2016,10/10/2016,,59,45,High School or Below,male,COLLECTION
xqd20160358,1000,30,9/11/2016,10/10/2016,,59,26,Bechalor,male,COLLECTION
xqd20160359,1000,30,9/11/2016,10/10/2016,,59,32,college,male,COLLECTION
xqd20160360,1000,30,9/11/2016,10/10/2016,,59,28,High School or Below,male,COLLECTION
xqd20160361,1000,30,9/11/2016,10/10/2016,,59,34,college,male,COLLECTION
xqd20160362,800,15,9/11/2016,9/25/2016,,74,29,High School or Below,male,COLLECTION
xqd20160363,1000,30,9/11/2016,10/10/2016,,59,26,High School or Below,male,COLLECTION
xqd20160364,1000,15,9/11/2016,9/25/2016,,74,26,college,male,COLLECTION
xqd20160365,800,15,9/11/2016,9/25/2016,,74,22,college,male,COLLECTION
xqd20160366,1000,30,9/11/2016,10/10/2016,,59,27,High School or Below,female,COLLECTION
xqd20160367,800,30,9/11/2016,10/10/2016,,59,33,High School or Below,male,COLLECTION
xqd20160368,800,15,9/11/2016,9/25/2016,,74,28,Bechalor,male,COLLECTION
xqd20160369,1000,30,9/11/2016,10/10/2016,,59,24,college,male,COLLECTION
xqd20160370,1000,30,9/11/2016,10/10/2016,,59,37,High School or Below,male,COLLECTION
xqd20160371,800,15,9/11/2016,9/25/2016,,74,36,High School or Below,male,COLLECTION
xqd20160372,1000,30,9/11/2016,10/10/2016,,59,18,college,male,COLLECTION
xqd20160373,800,15,9/11/2016,9/25/2016,,74,25,High School or Below,male,COLLECTION
xqd20160374,1000,15,9/11/2016,9/25/2016,,74,40,High School or Below,male,COLLECTION
xqd20182575,1000,30,9/11/2016,10/10/2016,,59,29,college,male,COLLECTION
xqd20160376,800,15,9/11/2016,9/25/2016,,74,26,High School or Below,female,COLLECTION
xqd20151038,1000,15,9/11/2016,9/25/2016,,74,30,college,male,COLLECTION
xqd20160378,1000,30,9/11/2016,10/10/2016,,59,33,college,male,COLLECTION
xqd20197340,1000,30,9/11/2016,10/10/2016,,59,30,college,male,COLLECTION
xqd20160380,1000,30,9/11/2016,10/10/2016,,59,32,college,male,COLLECTION
xqd20160381,1000,30,9/11/2016,10/10/2016,,59,25,High School or Below,male,COLLECTION
xqd20160382,800,15,9/11/2016,9/25/2016,,74,35,High School or Below,male,COLLECTION
xqd20175721,1000,15,9/11/2016,9/25/2016,,74,30,Bechalor,male,COLLECTION
xqd20160384,1000,30,9/11/2016,10/10/2016,,59,26,High School or Below,male,COLLECTION
xqd20160385,1000,30,9/11/2016,10/10/2016,,59,29,High School or Below,male,COLLECTION
xqd20160386,1000,30,9/11/2016,11/9/2016,,29,26,High School or Below,male,COLLECTION
xqd20160387,800,15,9/11/2016,9/25/2016,,74,46,High School or Below,male,COLLECTION
xqd20160388,1000,30,9/11/2016,10/10/2016,,59,36,High School or Below,male,COLLECTION
xqd20160389,1000,15,9/11/2016,9/25/2016,,74,38,Bechalor,male,COLLECTION
xqd20160390,1000,15,9/11/2016,10/25/2016,,44,32,High School or Below,male,COLLECTION
xqd20160391,1000,15,9/11/2016,9/25/2016,,74,30,college,male,COLLECTION
xqd20125284,800,15,9/11/2016,9/25/2016,,74,35,High School or Below,male,COLLECTION
xqd20160393,1000,30,9/11/2016,10/10/2016,,59,29,college,female,COLLECTION
xqd20160394,1000,30,9/11/2016,11/9/2016,,29,26,college,male,COLLECTION
xqd20160395,800,15,9/11/2016,9/25/2016,,74,32,High School or Below,male,COLLECTION
xqd20160396,1000,30,9/11/2016,10/10/2016,,59,25,High School or Below,male,COLLECTION
xqd20160397,1000,30,9/12/2016,10/11/2016,,58,33,High School or Below,male,COLLECTION
xqd20160398,800,15,9/12/2016,9/26/2016,,73,39,college,male,COLLECTION
xqd20160399,1000,30,9/12/2016,11/10/2016,,28,28,college,male,COLLECTION
xqd20160400,1000,30,9/12/2016,10/11/2016,,58,26,college,male,COLLECTION
xqd20160401,1000,30,9/9/2016,10/8/2016,10/10/2016 11:45,2,26,college,male,COLLECTION_PAIDOFF
xqd20160402,1000,15,9/9/2016,9/23/2016,9/27/2016 17:00,4,28,college,male,COLLECTION_PAIDOFF
xqd20320403,1000,30,9/9/2016,11/7/2016,11/20/2016 14:10,13,39,college,male,COLLECTION_PAIDOFF
xqd20160404,1000,15,9/9/2016,9/23/2016,9/28/2016 15:38,5,29,Bechalor,male,COLLECTION_PAIDOFF
xqd20190405,800,15,9/9/2016,9/23/2016,9/26/2016 17:22,3,33,High School or Below,male,COLLECTION_PAIDOFF
xqd20160406,1000,30,9/10/2016,10/9/2016,10/21/2016 14:00,12,27,college,male,COLLECTION_PAIDOFF
xqd20160407,800,15,9/10/2016,9/24/2016,9/26/2016 11:03,2,34,college,male,COLLECTION_PAIDOFF
xqd20160408,1000,30,9/10/2016,10/9/2016,11/5/2016 15:39,27,26,High School or Below,male,COLLECTION_PAIDOFF
xqd20110409,1000,30,9/10/2016,10/9/2016,11/22/2016 15:53,44,28,High School or Below,male,COLLECTION_PAIDOFF
xqd20160410,1000,15,9/10/2016,9/24/2016,9/29/2016 10:30,5,32,Bechalor,male,COLLECTION_PAIDOFF
xqd20160411,800,15,9/10/2016,10/9/2016,10/10/2016 15:18,1,27,college,female,COLLECTION_PAIDOFF
xqd20160412,1000,30,9/10/2016,10/9/2016,11/5/2016 10:49,27,21,college,male,COLLECTION_PAIDOFF
xqd20160413,800,15,9/11/2016,9/25/2016,9/27/2016 17:10,2,39,college,male,COLLECTION_PAIDOFF
xqd20169083,1000,15,9/11/2016,9/25/2016,9/26/2016 11:35,1,38,college,male,COLLECTION_PAIDOFF
xqd20160415,1000,30,9/11/2016,10/10/2016,10/12/2016 9:59,2,36,High School or Below,female,COLLECTION_PAIDOFF
xqd20160416,800,15,9/11/2016,9/25/2016,9/27/2016 17:14,2,33,college,male,COLLECTION_PAIDOFF
xqd20160417,1000,30,9/11/2016,10/10/2016,10/11/2016 12:45,1,21,college,female,COLLECTION_PAIDOFF
xqd20160418,800,15,9/11/2016,9/25/2016,9/28/2016 11:38,3,25,High School or Below,male,COLLECTION_PAIDOFF
xqd20160419,800,15,9/11/2016,9/25/2016,10/7/2016 13:21,12,29,college,male,COLLECTION_PAIDOFF
xqd20160420,1000,30,9/11/2016,10/10/2016,11/4/2016 15:37,25,33,High School or Below,male,COLLECTION_PAIDOFF
xqd20160421,1000,15,9/11/2016,9/25/2016,9/28/2016 17:39,3,47,High School or Below,female,COLLECTION_PAIDOFF
xqd20160422,1000,30,9/11/2016,10/10/2016,10/12/2016 9:52,2,33,college,male,COLLECTION_PAIDOFF
xqd20160423,800,15,9/11/2016,9/25/2016,9/29/2016 15:12,4,23,High School or Below,male,COLLECTION_PAIDOFF
xqd20160424,1000,15,9/11/2016,10/10/2016,10/12/2016 11:17,2,24,college,male,COLLECTION_PAIDOFF
xqd20880425,1000,30,9/11/2016,11/9/2016,11/10/2016 22:58,1,27,High School or Below,male,COLLECTION_PAIDOFF
xqd20160426,1000,30,9/11/2016,10/10/2016,11/3/2016 15:23,24,32,Bechalor,male,COLLECTION_PAIDOFF
xqd20160427,1000,30,9/11/2016,10/10/2016,10/11/2016 16:44,1,33,college,male,COLLECTION_PAIDOFF
xqd20160428,1000,30,9/11/2016,10/10/2016,10/11/2016 11:02,2,27,college,female,COLLECTION_PAIDOFF
xqd20160429,1000,30,9/11/2016,10/10/2016,10/12/2016 13:17,2,35,High School or Below,male,COLLECTION_PAIDOFF
xqd20160430,500,15,9/11/2016,10/10/2016,10/11/2016 17:22,1,37,Bechalor,male,COLLECTION_PAIDOFF
xqd20160431,800,15,9/11/2016,9/25/2016,9/28/2016 14:02,3,28,Bechalor,male,COLLECTION_PAIDOFF
xqd20160432,1000,15,9/11/2016,9/25/2016,9/29/2016 13:42,4,33,college,male,COLLECTION_PAIDOFF
xqd20160433,800,7,9/11/2016,9/17/2016,9/19/2016 15:00,2,34,Bechalor,female,COLLECTION_PAIDOFF
xqd20160434,1000,30,9/11/2016,10/10/2016,10/12/2016 14:32,2,29,college,male,COLLECTION_PAIDOFF
xqd20160435,1000,30,9/11/2016,10/10/2016,10/11/2016 11:33,1,34,Bechalor,male,COLLECTION_PAIDOFF
xqd20160436,1000,30,9/11/2016,10/10/2016,10/11/2016 16:27,1,29,Bechalor,male,COLLECTION_PAIDOFF
xqd20790437,1000,30,9/11/2016,10/10/2016,11/15/2016 15:27,36,24,High School or Below,male,COLLECTION_PAIDOFF
xqd20160438,1000,30,9/11/2016,10/10/2016,10/11/2016 16:13,1,34,High School or Below,male,COLLECTION_PAIDOFF
xqd20160439,1000,30,9/11/2016,10/10/2016,10/17/2016 10:06,7,25,college,female,COLLECTION_PAIDOFF
xqd20160440,1000,30,9/11/2016,11/9/2016,11/14/2016 13:15,5,24,college,male,COLLECTION_PAIDOFF
xqd20160441,1000,30,9/11/2016,10/10/2016,10/24/2016 16:20,14,30,college,male,COLLECTION_PAIDOFF
xqd20160442,1000,15,9/11/2016,9/25/2016,9/27/2016 16:35,2,28,college,male,COLLECTION_PAIDOFF
xqd20160443,1000,30,9/11/2016,10/10/2016,10/11/2016 11:48,1,24,High School or Below,male,COLLECTION_PAIDOFF
xqd20160444,1000,30,9/11/2016,10/10/2016,11/7/2016 19:21,28,26,college,female,COLLECTION_PAIDOFF
xqd20160445,1000,30,9/11/2016,10/10/2016,10/12/2016 16:22,2,24,High School or Below,male,COLLECTION_PAIDOFF
xqd20160446,1000,15,9/11/2016,9/25/2016,9/27/2016 17:24,2,29,college,male,COLLECTION_PAIDOFF
xqd20420447,1000,30,9/11/2016,10/10/2016,11/4/2016 11:07,25,31,college,male,COLLECTION_PAIDOFF
xqd20160448,1000,30,9/11/2016,10/10/2016,11/2/2016 9:39,23,26,college,male,COLLECTION_PAIDOFF
xqd20160449,1000,30,9/11/2016,10/10/2016,10/13/2016 18:18,3,25,High School or Below,male,COLLECTION_PAIDOFF
xqd20160450,1000,30,9/11/2016,10/10/2016,10/11/2016 11:29,1,29,college,male,COLLECTION_PAIDOFF
xqd20160451,1000,30,9/11/2016,10/10/2016,10/13/2016 16:27,3,38,college,male,COLLECTION_PAIDOFF
xqd20160452,800,15,9/11/2016,9/25/2016,9/29/2016 11:19,4,41,college,male,COLLECTION_PAIDOFF
xqd20390453,1000,15,9/11/2016,9/25/2016,9/28/2016 11:17,3,26,High School or Below,male,COLLECTION_PAIDOFF
xqd20160454,1000,30,9/12/2016,10/11/2016,10/14/2016 11:04,3,26,High School or Below,male,COLLECTION_PAIDOFF
xqd20160455,1000,30,9/12/2016,10/11/2016,10/17/2016 17:40,6,35,High School or Below,male,COLLECTION_PAIDOFF
xqd20160456,1000,15,9/12/2016,9/26/2016,9/28/2016 9:42,2,37,college,male,COLLECTION_PAIDOFF
xqd20160457,1000,30,9/12/2016,10/11/2016,11/18/2016 15:52,38,25,college,male,COLLECTION_PAIDOFF
xqd20160458,1000,30,9/12/2016,10/11/2016,10/30/2016 14:19,19,24,college,male,COLLECTION_PAIDOFF
xqd20160459,1000,30,9/12/2016,10/11/2016,10/13/2016 15:10,2,34,college,male,COLLECTION_PAIDOFF
xqd20160460,800,15,9/12/2016,9/26/2016,9/28/2016 13:36,2,33,college,male,COLLECTION_PAIDOFF
xqd20490461,800,15,9/12/2016,9/26/2016,9/28/2016 15:34,2,38,Bechalor,male,COLLECTION_PAIDOFF
xqd20160462,1000,30,9/12/2016,11/10/2016,11/17/2016 11:55,7,38,High School or Below,male,COLLECTION_PAIDOFF
xqd20160463,1000,30,9/12/2016,11/10/2016,11/15/2016 18:51,5,26,college,male,COLLECTION_PAIDOFF
xqd20870464,1000,15,9/12/2016,9/26/2016,9/30/2016 10:23,4,37,Bechalor,male,COLLECTION_PAIDOFF
xqd20160465,1000,30,9/12/2016,11/10/2016,11/11/2016 17:17,1,42,High School or Below,female,COLLECTION_PAIDOFF
xqd20169466,1000,30,9/12/2016,10/11/2016,10/12/2016 12:54,1,49,High School or Below,female,COLLECTION_PAIDOFF
xqd20160467,1000,30,9/12/2016,10/11/2016,10/15/2016 9:48,4,26,High School or Below,male,COLLECTION_PAIDOFF
xqd20160468,1000,15,9/12/2016,10/26/2016,10/27/2016 11:14,1,41,High School or Below,male,COLLECTION_PAIDOFF
xqd20160469,1000,30,9/12/2016,10/11/2016,10/15/2016 14:14,4,38,High School or Below,male,COLLECTION_PAIDOFF
xqd25660470,1000,30,9/12/2016,10/11/2016,12/2/2016 9:45,52,26,High School or Below,male,COLLECTION_PAIDOFF
xqd20160471,1000,15,9/12/2016,9/26/2016,9/28/2016 15:02,2,32,High School or Below,male,COLLECTION_PAIDOFF
xqd20160472,1000,30,9/12/2016,10/11/2016,11/4/2016 14:46,24,27,Bechalor,male,COLLECTION_PAIDOFF
xqd20160473,800,15,9/12/2016,9/26/2016,11/16/2016 12:12,51,33,college,male,COLLECTION_PAIDOFF
xqd20160474,1000,30,9/12/2016,10/11/2016,10/14/2016 19:02,3,30,High School or Below,male,COLLECTION_PAIDOFF
xqd20160475,800,15,9/12/2016,9/26/2016,9/28/2016 11:34,2,26,High School or Below,female,COLLECTION_PAIDOFF
xqd20160476,1000,30,9/12/2016,10/11/2016,11/9/2016 18:12,29,35,college,female,COLLECTION_PAIDOFF
xqd20160477,800,15,9/12/2016,10/26/2016,10/31/2016 13:07,5,46,college,female,COLLECTION_PAIDOFF
xqd20160478,1000,30,9/12/2016,10/11/2016,10/20/2016 17:38,9,27,college,male,COLLECTION_PAIDOFF
xqd20160479,1000,15,9/12/2016,10/11/2016,11/7/2016 8:55,27,22,High School or Below,male,COLLECTION_PAIDOFF
xqd20160480,1000,30,9/12/2016,10/11/2016,10/12/2016 18:26,1,27,Bechalor,male,COLLECTION_PAIDOFF
xqd20160481,1000,15,9/12/2016,9/26/2016,10/25/2016 13:44,29,30,Bechalor,male,COLLECTION_PAIDOFF
xqd20160482,1000,15,9/12/2016,9/26/2016,9/29/2016 15:07,3,27,High School or Below,male,COLLECTION_PAIDOFF
xqd20160483,800,15,9/12/2016,9/26/2016,9/27/2016 11:40,1,47,college,male,COLLECTION_PAIDOFF
xqd20160484,1000,30,9/12/2016,10/11/2016,10/18/2016 19:08,7,30,college,male,COLLECTION_PAIDOFF
xqd20160485,1000,30,9/12/2016,10/11/2016,10/15/2016 9:23,4,26,college,male,COLLECTION_PAIDOFF
xqd20160486,1000,30,9/12/2016,10/11/2016,10/14/2016 10:07,3,38,High School or Below,male,COLLECTION_PAIDOFF
xqd20160487,800,15,9/12/2016,9/26/2016,11/21/2016 11:36,56,46,High School or Below,male,COLLECTION_PAIDOFF
xqd20160488,1000,30,9/12/2016,10/11/2016,10/13/2016 12:02,2,35,Bechalor,male,COLLECTION_PAIDOFF
xqd20160489,1000,15,9/12/2016,9/26/2016,10/9/2016 19:30,13,45,college,male,COLLECTION_PAIDOFF
xqd20160490,1000,30,9/12/2016,10/11/2016,10/12/2016 18:04,1,36,college,male,COLLECTION_PAIDOFF
xqd20160491,1000,30,9/12/2016,10/11/2016,10/17/2016 10:53,6,38,High School or Below,male,COLLECTION_PAIDOFF
xqd20160492,1000,30,9/12/2016,10/11/2016,11/9/2016 13:41,29,27,college,male,COLLECTION_PAIDOFF
xqd20160493,1000,30,9/12/2016,10/11/2016,10/25/2016 17:44,14,27,Bechalor,male,COLLECTION_PAIDOFF
xqd20160494,1000,15,9/12/2016,9/26/2016,9/29/2016 12:45,3,29,college,male,COLLECTION_PAIDOFF
xqd20160495,1000,30,9/12/2016,10/11/2016,10/13/2016 14:45,2,30,High School or Below,male,COLLECTION_PAIDOFF
xqd20160496,1000,30,9/12/2016,10/11/2016,10/14/2016 19:08,3,28,High School or Below,male,COLLECTION_PAIDOFF
xqd20160497,1000,15,9/12/2016,9/26/2016,10/10/2016 20:02,14,26,High School or Below,male,COLLECTION_PAIDOFF
xqd20160498,800,15,9/12/2016,9/26/2016,9/29/2016 11:49,3,30,college,male,COLLECTION_PAIDOFF
xqd20160499,1000,30,9/12/2016,11/10/2016,11/11/2016 22:40,1,38,college,female,COLLECTION_PAIDOFF
xqd20160500,1000,30,9/12/2016,10/11/2016,10/19/2016 11:58,8,28,High School or Below,male,COLLECTION_PAIDOFF